2-Feb-2015,41674
9-Feb-2015,41674
16-Feb-2015,41674
23-Feb-2015,41674
2-Mar-2015,41674
9-Mar-2015,41674
16-Mar-2015,41674
23-Mar-2015,41674
30-Mar-2015,41674
6-Apr-2015,41674
13-Apr-2015,41674
20-Apr-2015,41674
27-Apr-2015,41675
4-May-2015,41675
11-May-2015,41675
18-May-2015,41676
25-May-2015,41676
1-Jun-2015,41676
8-Jun-2015,41676
15-Jun-2015,41676
22-Jun-2015,41676
29-Jun-2015,41676
6-Jul-2015,41676
13-Jul-2015,41684
20-Jul-2015,41685
27-Jul-2015,41687
3-Aug-2015,41690
10-Aug-2015,41697
17-Aug-2015,41698
24-Aug-2015,41701
31-Aug-2015,41706
7-Sep-2015,41707
14-Sep-2015,41708
21-Sep-2015,41714
28-Sep-2015,41718
5-Oct-2015,41719